Colleague,Veto1,Veto2,33_Match1,33_Match2,34_Match1,34_Match2,35_Match1,36_Match1,36_Match2,37_Match1,37_Match2,38_Match1,38_Match2,39_Match1,39_Match2,40_Match1,41_Match1,42_Match1,43_Match1,44_Match1,45_Match1,46_Match1,47_Match1,47_Match2,48_Match1
Anna,NA,NA,Mary,NA,Wim,NA,Xena,Eloise,NA,Rob,NA,Leo,NA,Leo,NA,Quincy,Simon,Genevieve,Yi,Hans,Tarah,Olga,Chloe,NA,Bob
Bob,Per,NA,Frank,NA,Mary,Tarah,Quincy,Leo,Yi,Ulysses,NA,Genevieve,NA,Genevieve,NA,Iris,Olga,Wim,Nico,Dan,Xena,John,Eloise,NA,Anna
Chloe,NA,NA,NA,NA,NA,NA,NA,NA,NA,Leo,Tarah,Olga,NA,Olga,NA,Nico,Zeno,Quincy,Wim,Frank,Vera,Dan,Anna,NA,Xena
Dan,NA,NA,Tarah,Eloise,NA,NA,Nico,Genevieve,NA,Olga,NA,Zeno,NA,Zeno,NA,Ulysses,Leo,Per,Kim,Bob,John,Chloe,NA,NA,Simon
Eloise,NA,NA,Dan,Tarah,NA,NA,NA,Anna,NA,Xena,NA,Ulysses,NA,Ulysses,NA,Per,Quincy,Rob,Hans,Iris,Wim,Zeno,Bob,NA,Genevieve
Frank,NA,NA,Bob,NA,Zeno,NA,Genevieve,Xena,NA,Quincy,NA,Tarah,NA,Tarah,NA,Kim,John,Mary,Leo,Chloe,Iris,Nico,NA,NA,Ulysses
Genevieve,NA,NA,NA,NA,Quincy,NA,Frank,Dan,NA,Per,NA,Bob,NA,Bob,NA,Yi,Xena,Anna,Ulysses,Tarah,Leo,Wim,NA,NA,Eloise
Hans,NA,NA,NA,NA,NA,NA,NA,Quincy,NA,Zeno,NA,Yi,Iris,Yi,Iris,Vera,Tarah,Olga,Eloise,Anna,Per,Simon,NA,NA,Leo
Iris,NA,NA,NA,NA,NA,NA,Ulysses,Per,NA,Nico,NA,Yi,Hans,Yi,Hans,Bob,Rob,Xena,Vera,Eloise,Frank,Kim,NA,NA,John
John,NA,NA,Quincy,NA,NA,NA,NA,NA,NA,NA,NA,NA,NA,NA,NA,Tarah,Frank,Yi,Mary,Ulysses,Dan,Bob,NA,NA,Iris
Kim,NA,NA,NA,NA,NA,NA,NA,NA,NA,NA,NA,NA,NA,NA,NA,Frank,Wim,Zeno,Dan,Quincy,Nico,Iris,NA,NA,Yi
Leo,Ulysses,NA,NA,NA,NA,NA,Zeno,Yi,Bob,Chloe,Tarah,Anna,NA,Anna,NA,Simon,Dan,Vera,Frank,Olga,Genevieve,Mary,NA,NA,Hans
Mary,NA,NA,Anna,NA,Tarah,Bob,NA,NA,NA,NA,NA,NA,NA,NA,NA,Zeno,Vera,Frank,John,Simon,Yi,Leo,NA,NA,Olga
Nico,NA,NA,Ulysses,NA,Rob,NA,Dan,Simon,NA,Iris,NA,Xena,NA,Xena,NA,Chloe,Yi,Tarah,Bob,Per,Kim,Frank,NA,NA,Wim
Olga,Per,NA,NA,NA,NA,NA,NA,Ulysses,NA,Dan,NA,Chloe,NA,Chloe,NA,Wim,Bob,Hans,Zeno,Leo,Simon,Anna,NA,NA,Mary
Per,Bob,Olga,NA,NA,NA,NA,Tarah,Iris,NA,Genevieve,NA,Quincy,NA,Quincy,NA,Eloise,Ulysses,Dan,Simon,Nico,Hans,Xena,NA,NA,Rob
Quincy,NA,NA,John,NA,Genevieve,NA,Bob,Hans,NA,Frank,NA,Per,NA,Per,NA,Anna,Eloise,Chloe,Rob,Kim,Ulysses,Yi,NA,NA,Zeno
Rob,NA,NA,NA,NA,Nico,NA,NA,NA,NA,Anna,NA,NA,NA,NA,NA,Xena,Iris,Eloise,Quincy,Yi,Zeno,Vera,NA,NA,Per
Simon,Tarah,NA,NA,NA,NA,NA,NA,Nico,NA,Yi,NA,Wim,NA,Wim,NA,Leo,Anna,Ulysses,Per,Mary,Olga,Hans,NA,NA,Dan
Tarah,Simon,NA,Dan,Eloise,Mary,Bob,Per,Zeno,NA,Chloe,Leo,Frank,NA,Frank,NA,John,Hans,Nico,Xena,Genevieve,Anna,Ulysses,NA,NA,Vera
Ulysses,Leo,NA,Nico,NA,Xena,NA,Iris,Olga,NA,Bob,NA,Eloise,NA,Eloise,NA,Dan,Per,Simon,Genevieve,John,Quincy,Tarah,NA,NA,Frank
Vera,NA,NA,NA,NA,NA,NA,NA,NA,NA,NA,NA,NA,NA,NA,NA,Hans,Mary,Leo,Iris,Zeno,Chloe,Rob,NA,NA,Tarah
Wim,NA,NA,Zeno,NA,Anna,NA,NA,NA,NA,NA,NA,Simon,NA,Simon,NA,Olga,Kim,Bob,Chloe,Xena,Eloise,Genevieve,NA,NA,Nico
Xena,NA,NA,NA,NA,Ulysses,NA,Anna,Frank,NA,Eloise,NA,Nico,NA,Nico,NA,Rob,Genevieve,Iris,Tarah,Wim,Bob,Per,NA,NA,Chloe
Yi,NA,NA,NA,NA,NA,NA,NA,Leo,Bob,Simon,NA,Hans,Iris,Hans,Iris,Genevieve,Nico,John,Anna,Rob,Mary,Quincy,NA,NA,Kim
Zeno,NA,NA,Wim,NA,Frank,NA,Leo,Tarah,NA,Hans,NA,Dan,NA,Dan,NA,Mary,Chloe,Kim,Olga,Vera,Rob,Eloise,NA,NA,Quincy
